[
  {
    "time_window":1767605400000,
    "error_count":4
  },
  {
    "time_window":1768005000000,
    "error_count":1
  },
  {
    "time_window":1768008600000,
    "error_count":1
  },
  {
    "time_window":1768012200000,
    "error_count":3
  },
  {
    "time_window":1768015800000,
    "error_count":2
  },
  {
    "time_window":1768019400000,
    "error_count":1
  },
  {
    "time_window":1768023000000,
    "error_count":3
  },
  {
    "time_window":1768026600000,
    "error_count":6
  },
  {
    "time_window":1768030200000,
    "error_count":4
  },
  {
    "time_window":1768033800000,
    "error_count":15
  },
  {
    "time_window":1768037400000,
    "error_count":17
  },
  {
    "time_window":1768041000000,
    "error_count":28
  },
  {
    "time_window":1768044600000,
    "error_count":10
  },
  {
    "time_window":1768048200000,
    "error_count":16
  },
  {
    "time_window":1768051800000,
    "error_count":15
  },
  {
    "time_window":1768055400000,
    "error_count":17
  },
  {
    "time_window":1768059000000,
    "error_count":9
  },
  {
    "time_window":1768062600000,
    "error_count":13
  },
  {
    "time_window":1768066200000,
    "error_count":5
  },
  {
    "time_window":1768069800000,
    "error_count":6
  },
  {
    "time_window":1768073400000,
    "error_count":7
  },
  {
    "time_window":1768077000000,
    "error_count":9
  },
  {
    "time_window":1768080600000,
    "error_count":4
  },
  {
    "time_window":1768084200000,
    "error_count":4
  },
  {
    "time_window":1768087800000,
    "error_count":2
  },
  {
    "time_window":1768091400000,
    "error_count":1
  },
  {
    "time_window":1768095000000,
    "error_count":1
  },
  {
    "time_window":1768098600000,
    "error_count":2
  },
  {
    "time_window":1768105800000,
    "error_count":1
  },
  {
    "time_window":1768109400000,
    "error_count":4
  },
  {
    "time_window":1768113000000,
    "error_count":8
  },
  {
    "time_window":1768116600000,
    "error_count":6
  },
  {
    "time_window":1768120200000,
    "error_count":9
  },
  {
    "time_window":1768123800000,
    "error_count":20
  },
  {
    "time_window":1768127400000,
    "error_count":18
  },
  {
    "time_window":1768131000000,
    "error_count":9
  },
  {
    "time_window":1768134600000,
    "error_count":11
  },
  {
    "time_window":1768138200000,
    "error_count":16
  },
  {
    "time_window":1768141800000,
    "error_count":13
  },
  {
    "time_window":1768145400000,
    "error_count":14
  },
  {
    "time_window":1768149000000,
    "error_count":15
  },
  {
    "time_window":1768152600000,
    "error_count":9
  },
  {
    "time_window":1768156200000,
    "error_count":9
  },
  {
    "time_window":1768159800000,
    "error_count":11
  },
  {
    "time_window":1768163400000,
    "error_count":7
  },
  {
    "time_window":1768167000000,
    "error_count":7
  },
  {
    "time_window":1768170600000,
    "error_count":3
  },
  {
    "time_window":1768174200000,
    "error_count":1
  },
  {
    "time_window":1768177800000,
    "error_count":1
  },
  {
    "time_window":1768185000000,
    "error_count":1
  },
  {
    "time_window":1768192200000,
    "error_count":3
  },
  {
    "time_window":1768195800000,
    "error_count":7
  },
  {
    "time_window":1768199400000,
    "error_count":5
  },
  {
    "time_window":1768203000000,
    "error_count":2
  },
  {
    "time_window":1768206600000,
    "error_count":16
  },
  {
    "time_window":1768210200000,
    "error_count":23
  },
  {
    "time_window":1768213800000,
    "error_count":19
  },
  {
    "time_window":1768217400000,
    "error_count":17
  },
  {
    "time_window":1768221000000,
    "error_count":15
  },
  {
    "time_window":1768224600000,
    "error_count":15
  },
  {
    "time_window":1768228200000,
    "error_count":22
  },
  {
    "time_window":1768231800000,
    "error_count":14
  },
  {
    "time_window":1768235400000,
    "error_count":12
  },
  {
    "time_window":1768239000000,
    "error_count":13
  },
  {
    "time_window":1768242600000,
    "error_count":8
  },
  {
    "time_window":1768246200000,
    "error_count":8
  },
  {
    "time_window":1768249800000,
    "error_count":10
  },
  {
    "time_window":1768253400000,
    "error_count":6
  },
  {
    "time_window":1768257000000,
    "error_count":7
  },
  {
    "time_window":1768260600000,
    "error_count":1
  },
  {
    "time_window":1768264200000,
    "error_count":1
  },
  {
    "time_window":1768275000000,
    "error_count":1
  },
  {
    "time_window":1768278600000,
    "error_count":2
  },
  {
    "time_window":1768282200000,
    "error_count":4
  },
  {
    "time_window":1768285800000,
    "error_count":6
  },
  {
    "time_window":1768289400000,
    "error_count":4
  },
  {
    "time_window":1768293000000,
    "error_count":9
  },
  {
    "time_window":1768296600000,
    "error_count":17
  },
  {
    "time_window":1768300200000,
    "error_count":23
  },
  {
    "time_window":1768303800000,
    "error_count":23
  },
  {
    "time_window":1768307400000,
    "error_count":18
  },
  {
    "time_window":1768311000000,
    "error_count":16
  },
  {
    "time_window":1768314600000,
    "error_count":13
  },
  {
    "time_window":1768318200000,
    "error_count":18
  },
  {
    "time_window":1768321800000,
    "error_count":19
  },
  {
    "time_window":1768325400000,
    "error_count":7
  },
  {
    "time_window":1768329000000,
    "error_count":10
  },
  {
    "time_window":1768332600000,
    "error_count":15
  },
  {
    "time_window":1768336200000,
    "error_count":9
  },
  {
    "time_window":1768339800000,
    "error_count":8
  },
  {
    "time_window":1768343400000,
    "error_count":6
  },
  {
    "time_window":1768347000000,
    "error_count":3
  },
  {
    "time_window":1768361400000,
    "error_count":1
  },
  {
    "time_window":1768365000000,
    "error_count":1
  },
  {
    "time_window":1768368600000,
    "error_count":4
  },
  {
    "time_window":1768372200000,
    "error_count":7
  },
  {
    "time_window":1768375800000,
    "error_count":11
  },
  {
    "time_window":1768379400000,
    "error_count":15
  },
  {
    "time_window":1768383000000,
    "error_count":21
  },
  {
    "time_window":1768386600000,
    "error_count":15
  },
  {
    "time_window":1768390200000,
    "error_count":11
  },
  {
    "time_window":1768393800000,
    "error_count":15
  },
  {
    "time_window":1768397400000,
    "error_count":9
  },
  {
    "time_window":1768401000000,
    "error_count":13
  },
  {
    "time_window":1768404600000,
    "error_count":18
  },
  {
    "time_window":1768408200000,
    "error_count":20
  },
  {
    "time_window":1768411800000,
    "error_count":9
  },
  {
    "time_window":1768415400000,
    "error_count":9
  },
  {
    "time_window":1768419000000,
    "error_count":11
  },
  {
    "time_window":1768422600000,
    "error_count":444
  },
  {
    "time_window":1768426200000,
    "error_count":530
  },
  {
    "time_window":1768429800000,
    "error_count":498
  },
  {
    "time_window":1768433400000,
    "error_count":360
  },
  {
    "time_window":1768437000000,
    "error_count":1
  },
  {
    "time_window":1768447800000,
    "error_count":1
  },
  {
    "time_window":1768455000000,
    "error_count":7
  },
  {
    "time_window":1768458600000,
    "error_count":8
  },
  {
    "time_window":1768462200000,
    "error_count":9
  },
  {
    "time_window":1768465800000,
    "error_count":8
  },
  {
    "time_window":1768469400000,
    "error_count":14
  },
  {
    "time_window":1768473000000,
    "error_count":19
  },
  {
    "time_window":1768476600000,
    "error_count":9
  },
  {
    "time_window":1768480200000,
    "error_count":24
  },
  {
    "time_window":1768483800000,
    "error_count":15
  },
  {
    "time_window":1768487400000,
    "error_count":14
  },
  {
    "time_window":1768491000000,
    "error_count":19
  },
  {
    "time_window":1768494600000,
    "error_count":10
  },
  {
    "time_window":1768498200000,
    "error_count":7
  },
  {
    "time_window":1768501800000,
    "error_count":5
  },
  {
    "time_window":1768505400000,
    "error_count":7
  },
  {
    "time_window":1768509000000,
    "error_count":5959
  },
  {
    "time_window":1768512600000,
    "error_count":31
  },
  {
    "time_window":1768516200000,
    "error_count":10
  },
  {
    "time_window":1768519800000,
    "error_count":9
  },
  {
    "time_window":1768523400000,
    "error_count":10
  },
  {
    "time_window":1768527000000,
    "error_count":7
  },
  {
    "time_window":1768530600000,
    "error_count":6
  },
  {
    "time_window":1768534200000,
    "error_count":7
  },
  {
    "time_window":1768537800000,
    "error_count":6
  },
  {
    "time_window":1768541400000,
    "error_count":7
  },
  {
    "time_window":1768545000000,
    "error_count":8
  },
  {
    "time_window":1768548600000,
    "error_count":11
  },
  {
    "time_window":1768552200000,
    "error_count":22
  },
  {
    "time_window":1768555800000,
    "error_count":22
  },
  {
    "time_window":1768559400000,
    "error_count":29
  },
  {
    "time_window":1768563000000,
    "error_count":24
  },
  {
    "time_window":1768566600000,
    "error_count":26
  },
  {
    "time_window":1768570200000,
    "error_count":630
  },
  {
    "time_window":1768573800000,
    "error_count":1255
  },
  {
    "time_window":1768577400000,
    "error_count":1186
  },
  {
    "time_window":1768581000000,
    "error_count":577
  }
]